bio,follower,following,location,website
"Providing Entertainment & Travel to Commercial Radio. Reaching 28.9M weekly listeners. Winners of The Arqiva National Sales Team of the Year 2010, 2011 & 2016",136,456,"London, England",https://t.co/aJKvkwp2dG
"push, push",5.5M,4,California,https://t.co/ku2ShnxNRC
Customs Broker,44,124,"Florida, USA",
A & A Freight | Warehousing | Customs Brokerage | Helping people ship across borders.,700,"3,892",Worldwide,http://t.co/laZo1M99c7
A commercial glass and glazing company serving the window industry in New England since 1954. ,82,88,"Malden, MA",https://t.co/UrYUiEDwWi
"A&B Kia is a Kia dealer in Benwood, WV. Stay connected to exceed expectations. Build strong relationships. Drive the best with us.",298,333,"Benwood, West Virginia ",http://t.co/H1m1Bi9YHp
"Industry leader in wholesale home decor, furniture, and garden, since 1993.",367,178,"Rancho Cucamonga, CA",https://t.co/2lx3XxMZio
"From large format black & white prints to the most sophisticated of digital color printing jobs, A & B can get the job done right.",134,123,"Bentonville, AR",http://t.co/zyISURRqvP
"A & C CHRISTOFI LTD is a fast growing professional services company based in Limassol, Cyprus. Our main Concern is your Business.",93,291,Cyprus,https://t.co/msJpvYtuAt
Used Clothing Distributor,17,0,Carteret,https://t.co/sIZNy1TeMH
,34,1,"Boulder, CO USA",http://t.co/eMS6qX752b
"Create, manage and grow your business online with Wix. It’s more than just a website builder, it’s how your vision comes to life. For support: ",414.9K,"3,727",We're everywhere!,https://t.co/vzQPGJokOE
"A & G Insurance prides itself on being your local, full service, Independent Insurance Agency.",100,257,Connecticut,http://t.co/qDF7dVozxt
